<?xml version="1.0" encoding="utf-8" ?>
<dwsync>
<file name="01_burkholderia_glumae_jawa.html" server="bkpbanjarmasin1.me//public_html/" local="131436735329453916" remote="131102244000000000" Dst="0" />
<file name="02_clavibacter_michiganensis_ michiganensis_jawa.html" server="bkpbanjarmasin1.me//public_html/" local="131436735330078929" remote="131102244000000000" Dst="0" />
<file name="03_leifsonia_xyli_xyli_jawa.html" server="bkpbanjarmasin1.me//public_html/" local="131436735334141663" remote="131102244000000000" Dst="0" />
<file name="04_pantoea_stewartii_ stewartii_jawa.html" server="bkpbanjarmasin1.me//public_html/" local="131436735334610436" remote="131102244000000000" Dst="0" />
<file name="05_pseudomonas_cichorii_jawa.html" server="bkpbanjarmasin1.me//public_html/" local="131436735337266833" remote="131102244000000000" Dst="0" />
<file name="06_pseudomonas_syringae_lachrymans_jawa.html" server="bkpbanjarmasin1.me//public_html/" local="131436735337891851" remote="131102244000000000" Dst="0" />
<file name="07_pseudomonas_syringae_mori_jawa.html" server="bkpbanjarmasin1.me//public_html/" local="131436735342579604" remote="131102244000000000" Dst="0" />
<file name="08_ralstonia_syzygii_jawa.html" server="bkpbanjarmasin1.me//public_html/" local="131436735343360888" remote="131102244000000000" Dst="0" />
</dwsync>