<?xml version="1.0" encoding="utf-8" ?>
<dwsync>
<file name="01_acanthoscelides_obtectus.jpg" server="bkpbanjarmasin1.me//public_html/" local="131436735931740059" remote="131072004000000000" Dst="0" />
<file name="02_aleurodicus_dugesii.jpg" server="bkpbanjarmasin1.me//public_html/" local="131436735932260382" remote="131072004000000000" Dst="0" />
<file name="05_atherigona_soccata.jpg" server="bkpbanjarmasin1.me//public_html/" local="131436735938744719" remote="131072004000000000" Dst="0" />
<file name="06_bactrocera_bryoniae.jpg" server="bkpbanjarmasin1.me//public_html/" local="131436735939305123" remote="131072004000000000" Dst="0" />
<file name="07_bactrocera_musae.jpg" server="bkpbanjarmasin1.me//public_html/" local="131436735945509239" remote="131072004000000000" Dst="0" />
<file name="08_bactrocera_occipitalis.jpg" server="bkpbanjarmasin1.me//public_html/" local="131436735946720055" remote="131072004000000000" Dst="0" />
<file name="10_chaetanaphothrips_orchidii01.jpg" server="bkpbanjarmasin1.me//public_html/" local="131436735952844142" remote="131072004000000000" Dst="0" />
<file name="09_bemisia_argentifolii.jpg" server="bkpbanjarmasin1.me//public_html/" local="131436735953694722" remote="131072004000000000" Dst="0" />
<file name="10_chaetanaphothrips_orchidii02.jpg" server="bkpbanjarmasin1.me//public_html/" local="131436735959908857" remote="131072004000000000" Dst="0" />
<file name="11_chrysomphalus_aonidum01.jpg" server="bkpbanjarmasin1.me//public_html/" local="131436735962420533" remote="131072004000000000" Dst="0" />
<file name="11_chrysomphalus_aonidum02.jpg" server="bkpbanjarmasin1.me//public_html/" local="131436735964391857" remote="131072004000000000" Dst="0" />
<file name="12_chrysomphalus_dictyospermi01.jpg" server="bkpbanjarmasin1.me//public_html/" local="131436735966082985" remote="131072004000000000" Dst="0" />
<file name="12_chrysomphalus_dictyospermi02.jpg" server="bkpbanjarmasin1.me//public_html/" local="131436735966883515" remote="131072004000000000" Dst="0" />
<file name="13_contarinia_sorghicola.jpg" server="bkpbanjarmasin1.me//public_html/" local="131436735967033613" remote="131072004000000000" Dst="0" />
<file name="14_coptotermes_gestroi01.jpg" server="bkpbanjarmasin1.me//public_html/" local="131436735970325820" remote="131072004000000000" Dst="0" />
<file name="14_coptotermes_gestroi03.jpg" server="bkpbanjarmasin1.me//public_html/" local="131436735972277121" remote="131072004000000000" Dst="0" />
<file name="14_coptotermes_gestroi02.jpg" server="bkpbanjarmasin1.me//public_html/" local="131436735972477264" remote="131072004000000000" Dst="0" />
<file name="16_darna_catenatus.jpg" server="bkpbanjarmasin1.me//public_html/" local="131436735975359170" remote="131072004000000000" Dst="0" />
<file name="15_darna_bradleyi.jpg" server="bkpbanjarmasin1.me//public_html/" local="131436735975509268" remote="131072004000000000" Dst="0" />
<file name="17_dihammus_rusticator.jpg" server="bkpbanjarmasin1.me//public_html/" local="131436735977530624" remote="131072004000000000" Dst="0" />
<file name="18_dorysthenes_buqueti01.jpg" server="bkpbanjarmasin1.me//public_html/" local="131436735977690731" remote="131072004000000000" Dst="0" />
<file name="18_dorysthenes_buqueti02.jpg" server="bkpbanjarmasin1.me//public_html/" local="131436735979922234" remote="131072004000000000" Dst="0" />
<file name="18_dorysthenes_buqueti03.jpg" server="bkpbanjarmasin1.me//public_html/" local="131436735980052313" remote="131072004000000000" Dst="0" />
<file name="18_dorysthenes_buqueti04.jpg" server="bkpbanjarmasin1.me//public_html/" local="131436735982063660" remote="131072004000000000" Dst="0" />
<file name="18_dorysthenes_buqueti05.jpg" server="bkpbanjarmasin1.me//public_html/" local="131436735982383864" remote="131072004000000000" Dst="0" />
<file name="19_dysmicoccus_brevipes.jpg" server="bkpbanjarmasin1.me//public_html/" local="131436735985025639" remote="131072004000000000" Dst="0" />
<file name="20_dysmicoccus_neobrevipes.jpg" server="bkpbanjarmasin1.me//public_html/" local="131436735985175731" remote="131072004000000000" Dst="0" />
<file name="21_heterobostrychus_aequalis.jpg" server="bkpbanjarmasin1.me//public_html/" local="131436735987357209" remote="131072004000000000" Dst="0" />
<file name="22_hexamitodera_semivelutina.jpg" server="bkpbanjarmasin1.me//public_html/" local="131436735988978297" remote="131072004000000000" Dst="0" />
<file name="23_icerya_purcasi01.jpg" server="bkpbanjarmasin1.me//public_html/" local="131436735997964295" remote="131072004000000000" Dst="0" />
<file name="23_icerya_purcasi02.jpg" server="bkpbanjarmasin1.me//public_html/" local="131436735999815535" remote="131072004000000000" Dst="0" />
<file name="24_laodelphax_striatella.jpg" server="bkpbanjarmasin1.me//public_html/" local="131436736001646751" remote="131072004000000000" Dst="0" />
<file name="25_liriomyza_chinensis.jpg" server="bkpbanjarmasin1.me//public_html/" local="131436736003858231" remote="131072004000000000" Dst="0" />
<file name="26_liriomyza_trifolii.jpg" server="bkpbanjarmasin1.me//public_html/" local="131436736004328548" remote="131072004000000000" Dst="0" />
<file name="27_paraeucosmetus_pallicornis.jpg" server="bkpbanjarmasin1.me//public_html/" local="131436736005059028" remote="131072004000000000" Dst="0" />
<file name="28_paraleyrodes_minei.jpg" server="bkpbanjarmasin1.me//public_html/" local="131436736010252496" remote="131072004000000000" Dst="0" />
<file name="29_pectinophora_gossypiella.jpg" server="bkpbanjarmasin1.me//public_html/" local="131436736010752820" remote="131072004000000000" Dst="0" />
<file name="30_phenacoccus_manihoti01.jpg" server="bkpbanjarmasin1.me//public_html/" local="131436736016836910" remote="131072004000000000" Dst="0" />
<file name="30_phenacoccus_manihoti02.jpg" server="bkpbanjarmasin1.me//public_html/" local="131436736017387260" remote="131072004000000000" Dst="0" />
<file name="31_phenacoccus_solenopsis.jpg" server="bkpbanjarmasin1.me//public_html/" local="131436736022380594" remote="131072004000000000" Dst="0" />
<file name="32_phragmataecia_castaneae.jpg" server="bkpbanjarmasin1.me//public_html/" local="131436736022840916" remote="131072004000000000" Dst="0" />
<file name="33_phragmataecia_gummata.jpg" server="bkpbanjarmasin1.me//public_html/" local="131436736028274544" remote="131072004000000000" Dst="0" />
<file name="34_pineus_boerneri.jpg" server="bkpbanjarmasin1.me//public_html/" local="131436736028634790" remote="131072004000000000" Dst="0" />
<file name="37_rhabdoscelus_obscurus.jpg" server="bkpbanjarmasin1.me//public_html/" local="131436736033047726" remote="131072004000000000" Dst="0" />
<file name="38_sesamia_grisescens.jpg" server="bkpbanjarmasin1.me//public_html/" local="131436736033337927" remote="131072004000000000" Dst="0" />
<file name="gambar-dummy.jpg" server="bkpbanjarmasin1.me//public_html/" local="131436736039331934" remote="131072004000000000" Dst="0" />
<file name="41_Sexava-nubila.jpg" server="bkpbanjarmasin1.me//public_html/" local="131436736039622131" remote="131072004000000000" Dst="0" />
</dwsync>