<?xml version="1.0" encoding="utf-8" ?>
<dwsync>
<file name="01_acanthoscelides_obtectus_jawa.html" server="bkpbanjarmasin1.me//public_html/" local="131436735048511606" remote="131102244000000000" Dst="0" />
<file name="02_Aleurodicus_dugesii_jawa.html" server="bkpbanjarmasin1.me//public_html/" local="131436735048980359" remote="131102244000000000" Dst="0" />
<file name="07_bactrocera_musae_jawa.html" server="bkpbanjarmasin1.me//public_html/" local="131436735051949258" remote="131102244000000000" Dst="0" />
<file name="09_bemisia_argentifolii_jawa.html" server="bkpbanjarmasin1.me//public_html/" local="131436735052418050" remote="131102244000000000" Dst="0" />
<file name="11_chrysomphalus_aonidum_jawa.html" server="bkpbanjarmasin1.me//public_html/" local="131436735057371245" remote="131102244000000000" Dst="0" />
<file name="10_chaetanaphothrips_orchidii_jawa.html" server="bkpbanjarmasin1.me//public_html/" local="131436735057996258" remote="131102244000000000" Dst="0" />
<file name="13_contarinia_sorghicola_jawa.html" server="bkpbanjarmasin1.me//public_html/" local="131436735060027613" remote="131102244000000000" Dst="0" />
<file name="14_coptotermes_gestroi_jawa.html" server="bkpbanjarmasin1.me//public_html/" local="131436735061301157" remote="131102244000000000" Dst="0" />
<file name="18_dorysthenes_buqueti_jawa.html" server="bkpbanjarmasin1.me//public_html/" local="131436735061613664" remote="131102244000000000" Dst="0" />
<file name="12_chrysomphalus_dictyospermi_jawa.html" server="bkpbanjarmasin1.me//public_html/" local="131436735062082436" remote="131102244000000000" Dst="0" />
<file name="19_dysmicoccus_brevipes_jawa.html" server="bkpbanjarmasin1.me//public_html/" local="131436735063801275" remote="131102244000000000" Dst="0" />
<file name="20_dysmicoccus_neobrevipes_jawa.html" server="bkpbanjarmasin1.me//public_html/" local="131436735064426313" remote="131102244000000000" Dst="0" />
<file name="22_hexamitodera_semivelutina_jawa.html" server="bkpbanjarmasin1.me//public_html/" local="131436735065520118" remote="131102244000000000" Dst="0" />
<file name="21_heterobostrychus_aequalis_jawa.html" server="bkpbanjarmasin1.me//public_html/" local="131436735065832629" remote="131102244000000000" Dst="0" />
<file name="23_icerya_purchasi_jawa.html" server="bkpbanjarmasin1.me//public_html/" local="131436735065988890" remote="131102244000000000" Dst="0" />
<file name="25_liriomyza_chinensis_jawa.html" server="bkpbanjarmasin1.me//public_html/" local="131436735067707738" remote="131102244000000000" Dst="0" />
<file name="26_liriomyza_trifolii_jawa.html" server="bkpbanjarmasin1.me//public_html/" local="131436735067863994" remote="131102244000000000" Dst="0" />
<file name="28_paraleyrodes_minei_jawa.html" server="bkpbanjarmasin1.me//public_html/" local="131436735068801548" remote="131102244000000000" Dst="0" />
<file name="29_pectinophora_gossypiella_jawa.html" server="bkpbanjarmasin1.me//public_html/" local="131436735068957804" remote="131102244000000000" Dst="0" />
<file name="30_phenacoccus_manihoti_jawa.html" server="bkpbanjarmasin1.me//public_html/" local="131436735069895354" remote="131102244000000000" Dst="0" />
<file name="31_phenacoccus_solenopsis_jawa.html" server="bkpbanjarmasin1.me//public_html/" local="131436735070207875" remote="131102244000000000" Dst="0" />
<file name="34_pineus_boerneri_jawa.html" server="bkpbanjarmasin1.me//public_html/" local="131436735071320741" remote="131102244000000000" Dst="0" />
<file name="35_planococcus_deceptor_jawa.html" server="bkpbanjarmasin1.me//public_html/" local="131436735071633277" remote="131102244000000000" Dst="0" />
<file name="36_postelectrotermes_militaris_jawa.html" server="bkpbanjarmasin1.me//public_html/" local="131436735073352105" remote="131102244000000000" Dst="0" />
</dwsync>