<?xml version="1.0" encoding="utf-8" ?>
<dwsync>
<file name="11_chrysomphalus_aonidum_sumatera.html" server="bkpbanjarmasin1.me//public_html/" local="131436735148625612" remote="131102244000000000" Dst="0" />
<file name="12_chrysomphalus_dictyospermi_sumatera.html" server="bkpbanjarmasin1.me//public_html/" local="131436735149250630" remote="131102244000000000" Dst="0" />
<file name="15_darna_bradleyi_sumatera.html" server="bkpbanjarmasin1.me//public_html/" local="131436735152375790" remote="131102244000000000" Dst="0" />
<file name="17_dihammus_rusticator_sumatera.html" server="bkpbanjarmasin1.me//public_html/" local="131436735152844577" remote="131102244000000000" Dst="0" />
<file name="19_dysmicoccus_brevipes_sumatera.html" server="bkpbanjarmasin1.me//public_html/" local="131436735156751031" remote="131102244000000000" Dst="0" />
<file name="22_hexamitodera_semivelutina_sumatera.html" server="bkpbanjarmasin1.me//public_html/" local="131436735157219798" remote="131102244000000000" Dst="0" />
<file name="23_icerya_purchasi_sumatera.html" server="bkpbanjarmasin1.me//public_html/" local="131436735160811150" remote="131102244000000000" Dst="0" />
<file name="24_laodelphax_striatella_sumatera.html" server="bkpbanjarmasin1.me//public_html/" local="131436735161279917" remote="131102244000000000" Dst="0" />
<file name="26_liriomyza_trifolii_sumatera.html" server="bkpbanjarmasin1.me//public_html/" local="131436735165030115" remote="131102244000000000" Dst="0" />
<file name="32_phragmataecia_castaneae_sumatera.html" server="bkpbanjarmasin1.me//public_html/" local="131436735165498878" remote="131102244000000000" Dst="0" />
<file name="33_phragmataecia_gummata_sumatera.html" server="bkpbanjarmasin1.me//public_html/" local="131436735169249085" remote="131102244000000000" Dst="0" />
<file name="34_pineus_boerneri_sumatera.html" server="bkpbanjarmasin1.me//public_html/" local="131436735169717872" remote="131102244000000000" Dst="0" />
<file name="42_thosea_monolancha_sumatera.html" server="bkpbanjarmasin1.me//public_html/" local="131436735172530487" remote="131102244000000000" Dst="0" />
<file name="35_planococcus_deceptor_sumatera.html" server="bkpbanjarmasin1.me//public_html/" local="131436735172686747" remote="131102244000000000" Dst="0" />
</dwsync>