<?xml version="1.0" encoding="utf-8" ?>
<dwsync>
<file name="04_amblypelta_theobroma_papua.html" server="bkpbanjarmasin1.me//public_html/" local="131436735119249017" remote="131102244000000000" Dst="0" />
<file name="06_bactrocera_bryoniae_papua.html" server="bkpbanjarmasin1.me//public_html/" local="131436735121592903" remote="131102244000000000" Dst="0" />
<file name="07_bactrocera_musae_papua.html" server="bkpbanjarmasin1.me//public_html/" local="131436735121905415" remote="131102244000000000" Dst="0" />
<file name="12_chrysomphalus_dictyospermi_papua.html" server="bkpbanjarmasin1.me//public_html/" local="131436735122217931" remote="131102244000000000" Dst="0" />
<file name="16_darna_catenatus_papua.html" server="bkpbanjarmasin1.me//public_html/" local="131436735124405551" remote="131102244000000000" Dst="0" />
<file name="37_rhabdoscelus_obscurus_papua.html" server="bkpbanjarmasin1.me//public_html/" local="131436735124718073" remote="131102244000000000" Dst="0" />
<file name="23_icerya_purchasi_papua.html" server="bkpbanjarmasin1.me//public_html/" local="131436735124874324" remote="131102244000000000" Dst="0" />
<file name="41_sexava_nubila_papua.html" server="bkpbanjarmasin1.me//public_html/" local="131436735127374456" remote="131102244000000000" Dst="0" />
<file name="39_sexava_coriacea_papua.html" server="bkpbanjarmasin1.me//public_html/" local="131436735127686967" remote="131102244000000000" Dst="0" />
<file name="38_sesamia_grisescens_papua.html" server="bkpbanjarmasin1.me//public_html/" local="131436735127843228" remote="131102244000000000" Dst="0" />
<file name="42_thosea_monolancha_papua.html" server="bkpbanjarmasin1.me//public_html/" local="131436735128624527" remote="131102244000000000" Dst="0" />
</dwsync>