<?xml version="1.0" encoding="utf-8" ?>
<dwsync>
<file name="01_ceratocystis_fimbriata_sumatera.html" server="bkpbanjarmasin1.me//public_html/" local="131436735312003512" remote="131102244000000000" Dst="0" />
<file name="02_phoma_lingam_sumatera.html" server="bkpbanjarmasin1.me//public_html/" local="131436735312316038" remote="131102244000000000" Dst="0" />
<file name="05_synchitrium_pogostemonis_sumatera.html" server="bkpbanjarmasin1.me//public_html/" local="131436735313409834" remote="131102244000000000" Dst="0" />
<file name="08_botrytis_allii_sumatera.html" server="bkpbanjarmasin1.me//public_html/" local="131436735313878601" remote="131102244000000000" Dst="0" />
<file name="09_balansia_oryzae_sativae_sumatera.html" server="bkpbanjarmasin1.me//public_html/" local="131436735314347383" remote="131102244000000000" Dst="0" />
<file name="11_fusarium_oxysporum_ passiflorae_sumatera.html" server="bkpbanjarmasin1.me//public_html/" local="131436735315441223" remote="131102244000000000" Dst="0" />
<file name="17_stagonospora_sacchari_sumatera.html" server="bkpbanjarmasin1.me//public_html/" local="131436735316222507" remote="131102244000000000" Dst="0" />
<file name="12_neofusicoccum_ribis_sumatera.html" server="bkpbanjarmasin1.me//public_html/" local="131436735316691294" remote="131102244000000000" Dst="0" />
<file name="27_uromycladium_tepperianum_sumatera.html" server="bkpbanjarmasin1.me//public_html/" local="131436735321379036" remote="131102244000000000" Dst="0" />
<file name="19_helminthosporium_solani_sumatera.html" server="bkpbanjarmasin1.me//public_html/" local="131436735322004069" remote="131102244000000000" Dst="0" />
</dwsync>