<?xml version="1.0" encoding="utf-8" ?>
<dwsync>
<file name="01_acanthoscelides_obtectus_sulawesi.html" server="bkpbanjarmasin1.me//public_html/" local="131436735130499621" remote="131102244000000000" Dst="0" />
<file name="03_altha_alastor_sulawesi.html" server="bkpbanjarmasin1.me//public_html/" local="131436735130812132" remote="131102244000000000" Dst="0" />
<file name="07_bactrocera_musae_sulawesi.html" server="bkpbanjarmasin1.me//public_html/" local="131436735131749692" remote="131102244000000000" Dst="0" />
<file name="08_bactrocera_occipitalis_sulawesi.html" server="bkpbanjarmasin1.me//public_html/" local="131436735131905957" remote="131102244000000000" Dst="0" />
<file name="11_chrysomphalus_aonidum_sulawesi.html" server="bkpbanjarmasin1.me//public_html/" local="131436735133781051" remote="131102244000000000" Dst="0" />
<file name="16_darna_catenatus_sulawesi.html" server="bkpbanjarmasin1.me//public_html/" local="131436735134093558" remote="131102244000000000" Dst="0" />
<file name="22_hexamitodera_semivelutina_sulawesi.html" server="bkpbanjarmasin1.me//public_html/" local="131436735135031122" remote="131102244000000000" Dst="0" />
<file name="23_icerya_purchasi_sulawesi.html" server="bkpbanjarmasin1.me//public_html/" local="131436735135187368" remote="131102244000000000" Dst="0" />
<file name="25_liriomyza_chinensis_sulawesi.html" server="bkpbanjarmasin1.me//public_html/" local="131436735135656155" remote="131102244000000000" Dst="0" />
<file name="27_paraeucosmetus_pallicornis_sulawesi.html" server="bkpbanjarmasin1.me//public_html/" local="131436735136281168" remote="131102244000000000" Dst="0" />
<file name="37_rhabdoscelus_obscurus_sulawesi.html" server="bkpbanjarmasin1.me//public_html/" local="131436735138000017" remote="131102244000000000" Dst="0" />
<file name="29_pectinophora_gossypiella_sulawesi.html" server="bkpbanjarmasin1.me//public_html/" local="131436735138312538" remote="131102244000000000" Dst="0" />
<file name="40_sexava_karnyi_sulawesi.html" server="bkpbanjarmasin1.me//public_html/" local="131436735140343902" remote="131102244000000000" Dst="0" />
<file name="39_sexava_coriacea_sulawesi.html" server="bkpbanjarmasin1.me//public_html/" local="131436735144094115" remote="131102244000000000" Dst="0" />
<file name="42_thosea_monolancha_sulawesi.html" server="bkpbanjarmasin1.me//public_html/" local="131436735144875394" remote="131102244000000000" Dst="0" />
<file name="41_sexava_nubila_sulawesi.html" server="bkpbanjarmasin1.me//public_html/" local="131436735145344181" remote="131102244000000000" Dst="0" />
</dwsync>