<?xml version="1.0" encoding="utf-8" ?>
<dwsync>
<file name="01_aphelenchoides_besseyi_jawa.html" server="bkpbanjarmasin1.me//public_html/" local="131436735221283079" remote="131102244000000000" Dst="0" />
<file name="02_aphelenchoides_fragariae_jawa.html" server="bkpbanjarmasin1.me//public_html/" local="131436735221751871" remote="131102244000000000" Dst="0" />
<file name="04_globodera_pallida_jawa.html" server="bkpbanjarmasin1.me//public_html/" local="131436735225814586" remote="131102244000000000" Dst="0" />
<file name="03_ditylenchus_angustus_jawa.html" server="bkpbanjarmasin1.me//public_html/" local="131436735226908386" remote="131102244000000000" Dst="0" />
<file name="06_hemicriconemoides_mangiferae_jawa.html" server="bkpbanjarmasin1.me//public_html/" local="131436735229877290" remote="131102244000000000" Dst="0" />
<file name="05_globodera_rostochiensis_jawa.html" server="bkpbanjarmasin1.me//public_html/" local="131436735230346072" remote="131102244000000000" Dst="0" />
<file name="07_heterodera_glycines_jawa.html" server="bkpbanjarmasin1.me//public_html/" local="131436735232377388" remote="131102244000000000" Dst="0" />
<file name="08_macroposthonia_onoensis_jawa.html" server="bkpbanjarmasin1.me//public_html/" local="131436735232533644" remote="131102244000000000" Dst="0" />
<file name="09_meloidogyne_graminicola_jawa.html" server="bkpbanjarmasin1.me//public_html/" local="131436735233783720" remote="131102244000000000" Dst="0" />
<file name="10_meloidogyne_hapla_jawa.html" server="bkpbanjarmasin1.me//public_html/" local="131436735234096226" remote="131102244000000000" Dst="0" />
<file name="11_pratylenchus_brachyurus_jawa.html" server="bkpbanjarmasin1.me//public_html/" local="131436735234408748" remote="131102244000000000" Dst="0" />
<file name="12_pratylenchus_loosi_jawa.html" server="bkpbanjarmasin1.me//public_html/" local="131436735235346312" remote="131102244000000000" Dst="0" />
</dwsync>