<?xml version="1.0" encoding="utf-8" ?>
<dwsync>
<file name="01_aceria_guerreronis01.jpg" server="bkpbanjarmasin1.me//public_html/" local="131436736047617465" remote="131072004000000000" Dst="0" />
<file name="01_aceria_guerreronis02.jpg" server="bkpbanjarmasin1.me//public_html/" local="131436736048377969" remote="131072004000000000" Dst="0" />
<file name="02_calacarus_carinatus.jpg" server="bkpbanjarmasin1.me//public_html/" local="131436736053691502" remote="131072004000000000" Dst="0" />
<file name="03_eutetranychus_orientalis.jpg" server="bkpbanjarmasin1.me//public_html/" local="131436736053881636" remote="131072004000000000" Dst="0" />
<file name="04_oligonychus_coffeae02.jpg" server="bkpbanjarmasin1.me//public_html/" local="131436736056073098" remote="131072004000000000" Dst="0" />
<file name="04_oligonychus_coffeae01.jpg" server="bkpbanjarmasin1.me//public_html/" local="131436736056233210" remote="131072004000000000" Dst="0" />
<file name="06_raoiella_indica01.jpg" server="bkpbanjarmasin1.me//public_html/" local="131436736058304601" remote="131072004000000000" Dst="0" />
<file name="05_phyllocoptruta_oleivora.jpg" server="bkpbanjarmasin1.me//public_html/" local="131436736058434681" remote="131072004000000000" Dst="0" />
<file name="06_raoiella_indica02.jpg" server="bkpbanjarmasin1.me//public_html/" local="131436736062887658" remote="131072004000000000" Dst="0" />
</dwsync>