<?xml version="1.0" encoding="utf-8" ?>
<dwsync>
<file name="05_atherigona_soccata_maluku.html" server="bkpbanjarmasin1.me//public_html/" local="131436735083665154" remote="131102244000000000" Dst="0" />
<file name="07_bactrocera_musae_maluku.html" server="bkpbanjarmasin1.me//public_html/" local="131436735083977690" remote="131102244000000000" Dst="0" />
<file name="22_hexamitodera_semivelutina_maluku.html" server="bkpbanjarmasin1.me//public_html/" local="131436735085227727" remote="131102244000000000" Dst="0" />
<file name="27_paraeucosmetus_pallicornis_maluku.html" server="bkpbanjarmasin1.me//public_html/" local="131436735086634093" remote="131102244000000000" Dst="0" />
<file name="37_rhabdoscelus_obscurus_maluku.html" server="bkpbanjarmasin1.me//public_html/" local="131436735087102851" remote="131102244000000000" Dst="0" />
<file name="38_sesamia_grisescens_maluku.html" server="bkpbanjarmasin1.me//public_html/" local="131436735087884134" remote="131102244000000000" Dst="0" />
<file name="39_sexava_coriacea_maluku.html" server="bkpbanjarmasin1.me//public_html/" local="131436735088977984" remote="131102244000000000" Dst="0" />
<file name="41_sexava_nubila_maluku.html" server="bkpbanjarmasin1.me//public_html/" local="131436735089602982" remote="131102244000000000" Dst="0" />
<file name="42_thosea_monolancha_maluku.html" server="bkpbanjarmasin1.me//public_html/" local="131436735095540791" remote="131102244000000000" Dst="0" />
</dwsync>