<?xml version="1.0" encoding="utf-8" ?>
<dwsync>
<file name="bali.html" server="bkpbanjarmasin1.me//public_html/" local="131436735470742650" remote="131102244000000000" Dst="0" />
<file name="bali_bakteri.html" server="bkpbanjarmasin1.me//public_html/" local="131436735471055171" remote="131102244000000000" Dst="0" />
<file name="bali_gulma.html" server="bkpbanjarmasin1.me//public_html/" local="131436735472930280" remote="131102244000000000" Dst="0" />
<file name="bali_keong_siput.html" server="bkpbanjarmasin1.me//public_html/" local="131436735473242787" remote="131102244000000000" Dst="0" />
<file name="bali_cendawan.html" server="bkpbanjarmasin1.me//public_html/" local="131436735473399043" remote="131102244000000000" Dst="0" />
<file name="bali_serangga.html" server="bkpbanjarmasin1.me//public_html/" local="131436735475462389" remote="131102244000000000" Dst="0" />
<file name="bali_nematoda.html" server="bkpbanjarmasin1.me//public_html/" local="131436735475613230" remote="131102244000000000" Dst="0" />
<file name="bali_tungau.html" server="bkpbanjarmasin1.me//public_html/" local="131436735475925761" remote="131102244000000000" Dst="0" />
<file name="bali_virus.html" server="bkpbanjarmasin1.me//public_html/" local="131436735477019562" remote="131102244000000000" Dst="0" />
<file name="banggai.html" server="bkpbanjarmasin1.me//public_html/" local="131436735477332068" remote="131102244000000000" Dst="0" />
<file name="banggai_bakteri.html" server="bkpbanjarmasin1.me//public_html/" local="131436735477644590" remote="131102244000000000" Dst="0" />
<file name="banggai_cendawan.html" server="bkpbanjarmasin1.me//public_html/" local="131436735478582149" remote="131102244000000000" Dst="0" />
<file name="banggai_gulma.html" server="bkpbanjarmasin1.me//public_html/" local="131436735478894656" remote="131102244000000000" Dst="0" />
<file name="banggai_keong_siput.html" server="bkpbanjarmasin1.me//public_html/" local="131436735479253411" remote="131102244000000000" Dst="0" />
<file name="banggai_nematoda.html" server="bkpbanjarmasin1.me//public_html/" local="131436735480102408" remote="131102244000000000" Dst="0" />
<file name="banggai_serangga.html" server="bkpbanjarmasin1.me//public_html/" local="131436735480439903" remote="131102244000000000" Dst="0" />
<file name="banggai_tungau.html" server="bkpbanjarmasin1.me//public_html/" local="131436735480752429" remote="131102244000000000" Dst="0" />
<file name="banggai_virus.html" server="bkpbanjarmasin1.me//public_html/" local="131436735481377457" remote="131102244000000000" Dst="0" />
<file name="jawa.html" server="bkpbanjarmasin1.me//public_html/" local="131436735481846230" remote="131102244000000000" Dst="0" />
<file name="jawa_bakteri.html" server="bkpbanjarmasin1.me//public_html/" local="131436735482086454" remote="131102244000000000" Dst="0" />
<file name="jawa_cendawan.html" server="bkpbanjarmasin1.me//public_html/" local="131436735483213512" remote="131102244000000000" Dst="0" />
<file name="jawa_gulma.html" server="bkpbanjarmasin1.me//public_html/" local="131436735483526024" remote="131102244000000000" Dst="0" />
<file name="jawa_keong_siput.html" server="bkpbanjarmasin1.me//public_html/" local="131436735485869914" remote="131102244000000000" Dst="0" />
<file name="jawa_nematoda.html" server="bkpbanjarmasin1.me//public_html/" local="131436735487533927" remote="131102244000000000" Dst="0" />
<file name="jawa_serangga.html" server="bkpbanjarmasin1.me//public_html/" local="131436735490795574" remote="131102244000000000" Dst="0" />
<file name="jawa_tungau.html" server="bkpbanjarmasin1.me//public_html/" local="131436735491420607" remote="131102244000000000" Dst="0" />
<file name="jawa_virus.html" server="bkpbanjarmasin1.me//public_html/" local="131436735495413126" remote="131102244000000000" Dst="0" />
<file name="kalimantan.html" server="bkpbanjarmasin1.me//public_html/" local="131436735496699240" remote="131102244000000000" Dst="0" />
<file name="kalimantan_bakteri.html" server="bkpbanjarmasin1.me//public_html/" local="131436735502480788" remote="131102244000000000" Dst="0" />
<file name="kalimantan_cendawan.html" server="bkpbanjarmasin1.me//public_html/" local="131436735503105806" remote="131102244000000000" Dst="0" />
<file name="kalimantan_gulma.html" server="bkpbanjarmasin1.me//public_html/" local="131436735505293436" remote="131102244000000000" Dst="0" />
<file name="kalimantan_keong_siput.html" server="bkpbanjarmasin1.me//public_html/" local="131436735505762219" remote="131102244000000000" Dst="0" />
<file name="kalimantan_nematoda.html" server="bkpbanjarmasin1.me//public_html/" local="131436735506387242" remote="131102244000000000" Dst="0" />
<file name="kalimantan_serangga.html" server="bkpbanjarmasin1.me//public_html/" local="131436735507637308" remote="131102244000000000" Dst="0" />
<file name="kalimantan_tungau.html" server="bkpbanjarmasin1.me//public_html/" local="131436735509824938" remote="131102244000000000" Dst="0" />
<file name="kalimantan_virus.html" server="bkpbanjarmasin1.me//public_html/" local="131436735510449961" remote="131102244000000000" Dst="0" />
<file name="kepri.html" server="bkpbanjarmasin1.me//public_html/" local="131436735516231519" remote="131102244000000000" Dst="0" />
<file name="kepri_bakteri.html" server="bkpbanjarmasin1.me//public_html/" local="131436735516700301" remote="131102244000000000" Dst="0" />
<file name="kepri_gulma.html" server="bkpbanjarmasin1.me//public_html/" local="131436735517950377" remote="131102244000000000" Dst="0" />
<file name="kepri_cendawan.html" server="bkpbanjarmasin1.me//public_html/" local="131436735518419134" remote="131102244000000000" Dst="0" />
<file name="kepri_keong_siput.html" server="bkpbanjarmasin1.me//public_html/" local="131436735518887926" remote="131102244000000000" Dst="0" />
<file name="kepri_nematoda.html" server="bkpbanjarmasin1.me//public_html/" local="131436735519981692" remote="131102244000000000" Dst="0" />
<file name="kepri_serangga.html" server="bkpbanjarmasin1.me//public_html/" local="131436735520294209" remote="131102244000000000" Dst="0" />
<file name="kepri_tungau.html" server="bkpbanjarmasin1.me//public_html/" local="131436735520450469" remote="131102244000000000" Dst="0" />
<file name="kepri_virus.html" server="bkpbanjarmasin1.me//public_html/" local="131436735521388019" remote="131102244000000000" Dst="0" />
<file name="maluku_bakteri.html" server="bkpbanjarmasin1.me//public_html/" local="131436735521700526" remote="131102244000000000" Dst="0" />
<file name="maluku.html" server="bkpbanjarmasin1.me//public_html/" local="131436735522013062" remote="131102244000000000" Dst="0" />
<file name="maluku_cendawan.html" server="bkpbanjarmasin1.me//public_html/" local="131436735522794336" remote="131102244000000000" Dst="0" />
<file name="maluku_gulma.html" server="bkpbanjarmasin1.me//public_html/" local="131436735523106847" remote="131102244000000000" Dst="0" />
<file name="maluku_nematoda.html" server="bkpbanjarmasin1.me//public_html/" local="131436735524044407" remote="131102244000000000" Dst="0" />
<file name="maluku_keong_siput.html" server="bkpbanjarmasin1.me//public_html/" local="131436735524200667" remote="131102244000000000" Dst="0" />
<file name="maluku_serangga.html" server="bkpbanjarmasin1.me//public_html/" local="131436735526075761" remote="131102244000000000" Dst="0" />
<file name="maluku_utara_bakteri.html" server="bkpbanjarmasin1.me//public_html/" local="131436735527638349" remote="131102244000000000" Dst="0" />
<file name="maluku_tungau.html" server="bkpbanjarmasin1.me//public_html/" local="131436735527794605" remote="131102244000000000" Dst="0" />
<file name="maluku_utara.html" server="bkpbanjarmasin1.me//public_html/" local="131436735528107116" remote="131102244000000000" Dst="0" />
<file name="maluku_utara_cendawan.html" server="bkpbanjarmasin1.me//public_html/" local="131436735528888415" remote="131102244000000000" Dst="0" />
<file name="maluku_utara_keong_siput.html" server="bkpbanjarmasin1.me//public_html/" local="131436735529982215" remote="131102244000000000" Dst="0" />
<file name="maluku_utara_gulma.html" server="bkpbanjarmasin1.me//public_html/" local="131436735530450997" remote="131102244000000000" Dst="0" />
<file name="maluku_utara_nematoda.html" server="bkpbanjarmasin1.me//public_html/" local="131436735530763509" remote="131102244000000000" Dst="0" />
<file name="maluku_utara_serangga.html" server="bkpbanjarmasin1.me//public_html/" local="131436735531544798" remote="131102244000000000" Dst="0" />
<file name="maluku_utara_tungau.html" server="bkpbanjarmasin1.me//public_html/" local="131436735531701083" remote="131102244000000000" Dst="0" />
<file name="maluku_utara_virus.html" server="bkpbanjarmasin1.me//public_html/" local="131436735532013570" remote="131102244000000000" Dst="0" />
<file name="maluku_virus.html" server="bkpbanjarmasin1.me//public_html/" local="131436735532951124" remote="131102244000000000" Dst="0" />
<file name="ntb.html" server="bkpbanjarmasin1.me//public_html/" local="131436735533107390" remote="131102244000000000" Dst="0" />
<file name="ntb_cendawan.html" server="bkpbanjarmasin1.me//public_html/" local="131436735540139004" remote="131102244000000000" Dst="0" />
<file name="ntb_bakteri.html" server="bkpbanjarmasin1.me//public_html/" local="131436735540451515" remote="131102244000000000" Dst="0" />
<file name="ntb_keong_siput.html" server="bkpbanjarmasin1.me//public_html/" local="131436735541399836" remote="131102244000000000" Dst="0" />
<file name="ntb_gulma.html" server="bkpbanjarmasin1.me//public_html/" local="131436735541680023" remote="131102244000000000" Dst="0" />
<file name="ntb_nematoda.html" server="bkpbanjarmasin1.me//public_html/" local="131436735542480558" remote="131102244000000000" Dst="0" />
<file name="ntb_serangga.html" server="bkpbanjarmasin1.me//public_html/" local="131436735542730718" remote="131102244000000000" Dst="0" />
<file name="ntb_virus.html" server="bkpbanjarmasin1.me//public_html/" local="131436735544809890" remote="131102244000000000" Dst="0" />
<file name="ntb_tungau.html" server="bkpbanjarmasin1.me//public_html/" local="131436735545434884" remote="131102244000000000" Dst="0" />
<file name="ntt.html" server="bkpbanjarmasin1.me//public_html/" local="131436735547935035" remote="131102244000000000" Dst="0" />
<file name="ntt_bakteri.html" server="bkpbanjarmasin1.me//public_html/" local="131436735548403798" remote="131102244000000000" Dst="0" />
<file name="ntt_cendawan.html" server="bkpbanjarmasin1.me//public_html/" local="131436735552935299" remote="131102244000000000" Dst="0" />
<file name="ntt_keong_siput.html" server="bkpbanjarmasin1.me//public_html/" local="131436735556529227" remote="131102244000000000" Dst="0" />
<file name="ntt_gulma.html" server="bkpbanjarmasin1.me//public_html/" local="131436735557154284" remote="131102244000000000" Dst="0" />
<file name="ntt_nematoda.html" server="bkpbanjarmasin1.me//public_html/" local="131436735560591941" remote="131102244000000000" Dst="0" />
<file name="ntt_serangga.html" server="bkpbanjarmasin1.me//public_html/" local="131436735561060728" remote="131102244000000000" Dst="0" />
<file name="ntt_tungau.html" server="bkpbanjarmasin1.me//public_html/" local="131436735563560850" remote="131102244000000000" Dst="0" />
<file name="ntt_virus.html" server="bkpbanjarmasin1.me//public_html/" local="131436735564029632" remote="131102244000000000" Dst="0" />
<file name="papua.html" server="bkpbanjarmasin1.me//public_html/" local="131436735566998571" remote="131102244000000000" Dst="0" />
<file name="papua_bakteri.html" server="bkpbanjarmasin1.me//public_html/" local="131436735568404854" remote="131102244000000000" Dst="0" />
<file name="papua_cendawan.html" server="bkpbanjarmasin1.me//public_html/" local="131436735571061256" remote="131102244000000000" Dst="0" />
<file name="papua_gulma.html" server="bkpbanjarmasin1.me//public_html/" local="131436735572155066" remote="131102244000000000" Dst="0" />
<file name="papua_keong_siput.html" server="bkpbanjarmasin1.me//public_html/" local="131436735574967710" remote="131102244000000000" Dst="0" />
<file name="papua_nematoda.html" server="bkpbanjarmasin1.me//public_html/" local="131436735575592733" remote="131102244000000000" Dst="0" />
<file name="papua_serangga.html" server="bkpbanjarmasin1.me//public_html/" local="131436735578405435" remote="131102244000000000" Dst="0" />
<file name="papua_tungau.html" server="bkpbanjarmasin1.me//public_html/" local="131436735578717888" remote="131102244000000000" Dst="0" />
<file name="papua_virus.html" server="bkpbanjarmasin1.me//public_html/" local="131436735580436712" remote="131102244000000000" Dst="0" />
<file name="stalaud.html" server="bkpbanjarmasin1.me//public_html/" local="131436735581530527" remote="131102244000000000" Dst="0" />
<file name="stalaud_bakteri.html" server="bkpbanjarmasin1.me//public_html/" local="131436735582468076" remote="131102244000000000" Dst="0" />
<file name="stalaud_cendawan.html" server="bkpbanjarmasin1.me//public_html/" local="131436735582780593" remote="131102244000000000" Dst="0" />
<file name="stalaud_gulma.html" server="bkpbanjarmasin1.me//public_html/" local="131436735583093104" remote="131102244000000000" Dst="0" />
<file name="stalaud_nematoda.html" server="bkpbanjarmasin1.me//public_html/" local="131436735642868857" remote="131102244000000000" Dst="0" />
<file name="stalaud_keong_siput.html" server="bkpbanjarmasin1.me//public_html/" local="131436735643181368" remote="131102244000000000" Dst="0" />
<file name="stalaud_virus.html" server="bkpbanjarmasin1.me//public_html/" local="131436735644275179" remote="131102244000000000" Dst="0" />
<file name="stalaud_serangga.html" server="bkpbanjarmasin1.me//public_html/" local="131436735644587685" remote="131102244000000000" Dst="0" />
<file name="stalaud_tungau.html" server="bkpbanjarmasin1.me//public_html/" local="131436735644900216" remote="131102244000000000" Dst="0" />
<file name="sulawesi.html" server="bkpbanjarmasin1.me//public_html/" local="131436735645681496" remote="131102244000000000" Dst="0" />
<file name="sulawesi_cendawan.html" server="bkpbanjarmasin1.me//public_html/" local="131436735646462794" remote="131102244000000000" Dst="0" />
<file name="sulawesi_bakteri.html" server="bkpbanjarmasin1.me//public_html/" local="131436735646619040" remote="131102244000000000" Dst="0" />
<file name="sulawesi_gulma.html" server="bkpbanjarmasin1.me//public_html/" local="131436735647087817" remote="131102244000000000" Dst="0" />
<file name="sulawesi_keong_siput.html" server="bkpbanjarmasin1.me//public_html/" local="131436735647556594" remote="131102244000000000" Dst="0" />
<file name="sulawesi_nematoda.html" server="bkpbanjarmasin1.me//public_html/" local="131436735648025372" remote="131102244000000000" Dst="0" />
<file name="sulawesi_serangga.html" server="bkpbanjarmasin1.me//public_html/" local="131436735648650405" remote="131102244000000000" Dst="0" />
<file name="sulawesi_tungau.html" server="bkpbanjarmasin1.me//public_html/" local="131436735648962931" remote="131102244000000000" Dst="0" />
<file name="sulawesi_virus.html" server="bkpbanjarmasin1.me//public_html/" local="131436735649275443" remote="131102244000000000" Dst="0" />
<file name="sumatera.html" server="bkpbanjarmasin1.me//public_html/" local="131436735649900480" remote="131102244000000000" Dst="0" />
<file name="sumatera_bakteri.html" server="bkpbanjarmasin1.me//public_html/" local="131436735650212982" remote="131102244000000000" Dst="0" />
<file name="sumatera_cendawan.html" server="bkpbanjarmasin1.me//public_html/" local="131436735650525523" remote="131102244000000000" Dst="0" />
<file name="sumatera_gulma.html" server="bkpbanjarmasin1.me//public_html/" local="131436735653025640" remote="131102244000000000" Dst="0" />
<file name="sumatera_nematoda.html" server="bkpbanjarmasin1.me//public_html/" local="131436735655525763" remote="131102244000000000" Dst="0" />
<file name="sumatera_keong_siput.html" server="bkpbanjarmasin1.me//public_html/" local="131436735655838279" remote="131102244000000000" Dst="0" />
<file name="sumatera_serangga.html" server="bkpbanjarmasin1.me//public_html/" local="131436735655994535" remote="131102244000000000" Dst="0" />
<file name="sumatera_tungau.html" server="bkpbanjarmasin1.me//public_html/" local="131436735657088350" remote="131102244000000000" Dst="0" />
<file name="sumatera_virus.html" server="bkpbanjarmasin1.me//public_html/" local="131436735657244601" remote="131102244000000000" Dst="0" />
</dwsync>