<?xml version="1.0" encoding="utf-8" ?>
<dwsync>
<file name="01_banana_streak_badnavirus_jawa.html" server="bkpbanjarmasin1.me//public_html/" local="131436735387201676" remote="131102244000000000" Dst="0" />
<file name="02_carnation_mottle_carmovirus_jawa.html" server="bkpbanjarmasin1.me//public_html/" local="131436735387982965" remote="131102244000000000" Dst="0" />
<file name="03_carnation_ringspot_dianthovirus_jawa.html" server="bkpbanjarmasin1.me//public_html/" local="131436735435200554" remote="131102244000000000" Dst="0" />
<file name="04_citrus_exocortis_pospiviroid_jawa.html" server="bkpbanjarmasin1.me//public_html/" local="131436735435734454" remote="131102244000000000" Dst="0" />
<file name="05_cymbidium_ringspot_tombusvirus_jawa.html" server="bkpbanjarmasin1.me//public_html/" local="131436735439055354" remote="131102244000000000" Dst="0" />
<file name="07_onion_yellow_dwarf_potyvirus_jawa.html" server="bkpbanjarmasin1.me//public_html/" local="131436735440214458" remote="131102244000000000" Dst="0" />
<file name="08_papaya_ringspot_potyvirus_jawa.html" server="bkpbanjarmasin1.me//public_html/" local="131436735445859353" remote="131102244000000000" Dst="0" />
<file name="09_shallot_yellow_stripe_virus_jawa.html" server="bkpbanjarmasin1.me//public_html/" local="131436735446328199" remote="131102244000000000" Dst="0" />
<file name="10_squash_mosaic_comovirus_jawa.html" server="bkpbanjarmasin1.me//public_html/" local="131436735448646270" remote="131102244000000000" Dst="0" />
<file name="11_sweet_potato_feathery_mottle_potyvirus_jawa.html" server="bkpbanjarmasin1.me//public_html/" local="131436735449336548" remote="131102244000000000" Dst="0" />
<file name="12_tomato_spotted_wilt_tospovirus_jawa.html" server="bkpbanjarmasin1.me//public_html/" local="131436735453881602" remote="131102244000000000" Dst="0" />
</dwsync>