<?xml version="1.0" encoding="utf-8" ?>
<dwsync>
<file name="02_phoma_lingam_jawa.html" server="bkpbanjarmasin1.me//public_html/" local="131436735272535794" remote="131102244000000000" Dst="0" />
<file name="01_ceratocystis_fimbriata_jawa.html" server="bkpbanjarmasin1.me//public_html/" local="131436735273004557" remote="131102244000000000" Dst="0" />
<file name="03_phoma_phaseoli_jawa.html" server="bkpbanjarmasin1.me//public_html/" local="131436735277157955" remote="131102244000000000" Dst="0" />
<file name="04_phomopsis_vexans_jawa.html" server="bkpbanjarmasin1.me//public_html/" local="131436735277626722" remote="131102244000000000" Dst="0" />
<file name="05_synchitrium_pogostemonis_jawa.html" server="bkpbanjarmasin1.me//public_html/" local="131436735280283110" remote="131102244000000000" Dst="0" />
<file name="06_ustilago_scitaminea_jawa.html" server="bkpbanjarmasin1.me//public_html/" local="131436735280908138" remote="131102244000000000" Dst="0" />
<file name="07_alternaria_cucumerina_jawa.html" server="bkpbanjarmasin1.me//public_html/" local="131436735281845702" remote="131102244000000000" Dst="0" />
<file name="10_fusarium_oxysporum_asparagi_jawa.html" server="bkpbanjarmasin1.me//public_html/" local="131436735284814596" remote="131102244000000000" Dst="0" />
<file name="08_botrytis_allii_jawa.html" server="bkpbanjarmasin1.me//public_html/" local="131436735285283393" remote="131102244000000000" Dst="0" />
<file name="09_balansia_oryzae_sativae_jawa.html" server="bkpbanjarmasin1.me//public_html/" local="131436735285908392" remote="131102244000000000" Dst="0" />
<file name="13_oidium_tuckeri_jawa.html" server="bkpbanjarmasin1.me//public_html/" local="131436735289502344" remote="131102244000000000" Dst="0" />
<file name="12_neofusicoccum_ribis_jawa.html" server="bkpbanjarmasin1.me//public_html/" local="131436735290596139" remote="131102244000000000" Dst="0" />
<file name="17_stagonospora_sacchari_jawa.html" server="bkpbanjarmasin1.me//public_html/" local="131436735292158702" remote="131102244000000000" Dst="0" />
<file name="15_sclerotinia_sclerotiorum_jawa.html" server="bkpbanjarmasin1.me//public_html/" local="131436735292627489" remote="131102244000000000" Dst="0" />
<file name="14_rhizoctonia_bataticola_jawa.html" server="bkpbanjarmasin1.me//public_html/" local="131436735293096262" remote="131102244000000000" Dst="0" />
<file name="19_helminthosporium_solani_jawa.html" server="bkpbanjarmasin1.me//public_html/" local="131436735294033826" remote="131102244000000000" Dst="0" />
<file name="18_Stemphylium_vesicarium_jawa.html" server="bkpbanjarmasin1.me//public_html/" local="131436735294346318" remote="131102244000000000" Dst="0" />
<file name="21_peronosclerospora_sorghi_jawa.html" server="bkpbanjarmasin1.me//public_html/" local="131436735294658844" remote="131102244000000000" Dst="0" />
<file name="22_peronospora_manshurica_jawa.html" server="bkpbanjarmasin1.me//public_html/" local="131436735295440128" remote="131102244000000000" Dst="0" />
<file name="25_spongospora_subterranea_ subterranea_jawa.html" server="bkpbanjarmasin1.me//public_html/" local="131436735296690199" remote="131102244000000000" Dst="0" />
<file name="24_phytophthora_fragariae_jawa.html" server="bkpbanjarmasin1.me//public_html/" local="131436735296846455" remote="131102244000000000" Dst="0" />
<file name="26_physopella_ampelopsidis_jawa.html" server="bkpbanjarmasin1.me//public_html/" local="131436735298252781" remote="131102244000000000" Dst="0" />
<file name="27_uromycladium_tepperianum_jawa.html" server="bkpbanjarmasin1.me//public_html/" local="131436735298409042" remote="131102244000000000" Dst="0" />
</dwsync>