<?xml version="1.0" encoding="utf-8" ?>
<dwsync>
<file name="01_burkholderia_glumae01.jpg" server="bkpbanjarmasin1.me//public_html/" local="131436736198298145" remote="131072004000000000" Dst="0" />
<file name="01_burkholderia_glumae02.jpg" server="bkpbanjarmasin1.me//public_html/" local="131436736198438224" remote="131072004000000000" Dst="0" />
<file name="02_clavibacter_michiganensis_subsp_michiganensis02.jpg" server="bkpbanjarmasin1.me//public_html/" local="131436736201620350" remote="131072004000000000" Dst="0" />
<file name="02_clavibacter_michiganensis_subsp_michiganensis01.jpg" server="bkpbanjarmasin1.me//public_html/" local="131436736201770443" remote="131072004000000000" Dst="0" />
<file name="03_leifsonia_xyli_subsp_xyli.jpg" server="bkpbanjarmasin1.me//public_html/" local="131436736204162053" remote="131072004000000000" Dst="0" />
<file name="04_pantoea_stewartii_subsp_stewartii.jpg" server="bkpbanjarmasin1.me//public_html/" local="131436736204372186" remote="131072004000000000" Dst="0" />
<file name="05_pseudomonas_cichorii.jpg" server="bkpbanjarmasin1.me//public_html/" local="131436736206113349" remote="131072004000000000" Dst="0" />
<file name="06_pseudomonas_syringae_pv_lachrymans.jpg" server="bkpbanjarmasin1.me//public_html/" local="131436736206493594" remote="131072004000000000" Dst="0" />
<file name="07_pseudomonas_syringae_pv_mori.jpg" server="bkpbanjarmasin1.me//public_html/" local="131436736210126023" remote="131072004000000000" Dst="0" />
</dwsync>