<?xml version="1.0" encoding="utf-8" ?>
<dwsync>
<file name="02_carnation_mottle_carmovirus_CarMV.jpg" server="bkpbanjarmasin1.me//public_html/" local="131436736211647034" remote="131072004000000000" Dst="0" />
<file name="01_banana_streak_badnavirus_BSV.jpg" server="bkpbanjarmasin1.me//public_html/" local="131436736213308149" remote="131072004000000000" Dst="0" />
<file name="03_carnation_ringspot_dianthovirus_CRSV.jpg" server="bkpbanjarmasin1.me//public_html/" local="131436736214358844" remote="131072004000000000" Dst="0" />
<file name="04_citrus_exocortis_pospiviroid_CEVd01.jpg" server="bkpbanjarmasin1.me//public_html/" local="131436736214609018" remote="131072004000000000" Dst="0" />
<file name="04_citrus_exocortis_pospiviroid_CEVd02.jpg" server="bkpbanjarmasin1.me//public_html/" local="131436736216220107" remote="131072004000000000" Dst="0" />
<file name="05_cymbidium_ringspot_tombusvirus_CymRSV.jpg" server="bkpbanjarmasin1.me//public_html/" local="131436736216560334" remote="131072004000000000" Dst="0" />
<file name="07_onion_yellow_dwarf_potyvirus_OYDV.jpg" server="bkpbanjarmasin1.me//public_html/" local="131436736221373553" remote="131072004000000000" Dst="0" />
<file name="08_papaya_ringspot_potyvirus_PRSV.jpg" server="bkpbanjarmasin1.me//public_html/" local="131436736223464947" remote="131072004000000000" Dst="0" />
<file name="10_squash_mosaic_comovirus_SqMV.jpg" server="bkpbanjarmasin1.me//public_html/" local="131436736225506311" remote="131072004000000000" Dst="0" />
<file name="11_sweet_potato_feathery_mottle_potyvirus_SPFMV.jpg" server="bkpbanjarmasin1.me//public_html/" local="131436736225736472" remote="131072004000000000" Dst="0" />
<file name="12_tomato_spotted_wilt_tospovirus_TSWV01.jpg" server="bkpbanjarmasin1.me//public_html/" local="131436736230339543" remote="131072004000000000" Dst="0" />
<file name="12_tomato_spotted_wilt_tospovirus_TSWV02.jpg" server="bkpbanjarmasin1.me//public_html/" local="131436736230799841" remote="131072004000000000" Dst="0" />
</dwsync>