<?xml version="1.0" encoding="utf-8" ?>
<dwsync>
<file name="01_aphelenchoides_besseyi.jpg" server="bkpbanjarmasin1.me//public_html/" local="131436736064448701" remote="131072004000000000" Dst="0" />
<file name="02_aphelenchoides_fragariae01.jpg" server="bkpbanjarmasin1.me//public_html/" local="131436736064628821" remote="131072004000000000" Dst="0" />
<file name="02_aphelenchoides_fragariae02.jpg" server="bkpbanjarmasin1.me//public_html/" local="131436736065469378" remote="131072004000000000" Dst="0" />
<file name="03_ditylenchus_angustus.jpg" server="bkpbanjarmasin1.me//public_html/" local="131436736066089793" remote="131072004000000000" Dst="0" />
<file name="04_globodera_pallida01.jpg" server="bkpbanjarmasin1.me//public_html/" local="131436736068091130" remote="131072004000000000" Dst="0" />
<file name="04_globodera_pallida02.jpg" server="bkpbanjarmasin1.me//public_html/" local="131436736068381321" remote="131072004000000000" Dst="0" />
<file name="05_Globodera_rostochiensis02.jpg" server="bkpbanjarmasin1.me//public_html/" local="131436736070893012" remote="131072004000000000" Dst="0" />
<file name="05_Globodera_rostochiensis01.jpg" server="bkpbanjarmasin1.me//public_html/" local="131436736072093799" remote="131072004000000000" Dst="0" />
<file name="06_hemicriconemoides_mangiferae.jpg" server="bkpbanjarmasin1.me//public_html/" local="131436736072924366" remote="131072004000000000" Dst="0" />
<file name="07_heterodera_glycines01.jpg" server="bkpbanjarmasin1.me//public_html/" local="131436736073284602" remote="131072004000000000" Dst="0" />
<file name="09_meloidogyne_graminicola01.jpg" server="bkpbanjarmasin1.me//public_html/" local="131436736075846324" remote="131072004000000000" Dst="0" />
<file name="07_heterodera_glycines02.jpg" server="bkpbanjarmasin1.me//public_html/" local="131436736076096479" remote="131072004000000000" Dst="0" />
<file name="09_meloidogyne_graminicola02.jpg" server="bkpbanjarmasin1.me//public_html/" local="131436736080959752" remote="131072004000000000" Dst="0" />
<file name="10_meloidogyne_hapla01.jpg" server="bkpbanjarmasin1.me//public_html/" local="131436736081460077" remote="131072004000000000" Dst="0" />
<file name="10_meloidogyne_hapla02.jpg" server="bkpbanjarmasin1.me//public_html/" local="131436736087774288" remote="131072004000000000" Dst="0" />
<file name="11_pratylenchus_brachyurus01.jpg" server="bkpbanjarmasin1.me//public_html/" local="131436736093037815" remote="131072004000000000" Dst="0" />
<file name="11_pratylenchus_brachyurus02.jpg" server="bkpbanjarmasin1.me//public_html/" local="131436736093488108" remote="131072004000000000" Dst="0" />
<file name="12_pratylenchus_loosi.jpg" server="bkpbanjarmasin1.me//public_html/" local="131436736100772980" remote="131072004000000000" Dst="0" />
</dwsync>