<?xml version="1.0" encoding="utf-8" ?>
<dwsync>
<file name="01_ceratocystis_fimbriata01.jpg" server="bkpbanjarmasin1.me//public_html/" local="131436736118384747" remote="131072004000000000" Dst="0" />
<file name="01_ceratocystis_fimbriata02.jpg" server="bkpbanjarmasin1.me//public_html/" local="131436736123468119" remote="131072004000000000" Dst="0" />
<file name="01_ceratocystis_fimbriata03.jpg" server="bkpbanjarmasin1.me//public_html/" local="131436736124408757" remote="131072004000000000" Dst="0" />
<file name="02_phoma_lingam01.jpg" server="bkpbanjarmasin1.me//public_html/" local="131436736124588868" remote="131072004000000000" Dst="0" />
<file name="02_phoma_lingam02.jpg" server="bkpbanjarmasin1.me//public_html/" local="131436736125359385" remote="131072004000000000" Dst="0" />
<file name="03_phoma_phaseoli.jpg" server="bkpbanjarmasin1.me//public_html/" local="131436736125519492" remote="131072004000000000" Dst="0" />
<file name="04_phomopsis_vexans01.jpg" server="bkpbanjarmasin1.me//public_html/" local="131436736127510830" remote="131072004000000000" Dst="0" />
<file name="04_phomopsis_vexans02.jpg" server="bkpbanjarmasin1.me//public_html/" local="131436736128691614" remote="131072004000000000" Dst="0" />
<file name="06_ustilago_scitaminea01.jpg" server="bkpbanjarmasin1.me//public_html/" local="131436736129492159" remote="131072004000000000" Dst="0" />
<file name="05_synchitrium_pogostemonis.jpg" server="bkpbanjarmasin1.me//public_html/" local="131436736129632238" remote="131072004000000000" Dst="0" />
<file name="07_alternaria_cucumerina.jpg" server="bkpbanjarmasin1.me//public_html/" local="131436736131843718" remote="131072004000000000" Dst="0" />
<file name="08_botrytis_allii.jpg" server="bkpbanjarmasin1.me//public_html/" local="131436736131983816" remote="131072004000000000" Dst="0" />
<file name="09_balansia_oryzae_sativae01.jpg" server="bkpbanjarmasin1.me//public_html/" local="131436736133915104" remote="131072004000000000" Dst="0" />
<file name="09_balansia_oryzae_sativae02.jpg" server="bkpbanjarmasin1.me//public_html/" local="131436736134355403" remote="131072004000000000" Dst="0" />
<file name="10_fusarium_oxysporum_asparagi.jpg" server="bkpbanjarmasin1.me//public_html/" local="131436736136897106" remote="131072004000000000" Dst="0" />
<file name="12_neofusicoccum_ribis.jpg" server="bkpbanjarmasin1.me//public_html/" local="131436736138097899" remote="131072004000000000" Dst="0" />
<file name="11_fusarium-oxysporum_fsp_passiflorae.jpg" server="bkpbanjarmasin1.me//public_html/" local="131436736138588219" remote="131072004000000000" Dst="0" />
<file name="13_oidium_tuckeri01.jpg" server="bkpbanjarmasin1.me//public_html/" local="131436736139208643" remote="131072004000000000" Dst="0" />
<file name="13_oidium_tuckeri02.jpg" server="bkpbanjarmasin1.me//public_html/" local="131436736139568894" remote="131072004000000000" Dst="0" />
<file name="14_rhizoctonia_bataticola.jpg" server="bkpbanjarmasin1.me//public_html/" local="131436736141540218" remote="131072004000000000" Dst="0" />
<file name="15_sclerotinia_sclerotiorum.jpg" server="bkpbanjarmasin1.me//public_html/" local="131436736141840399" remote="131072004000000000" Dst="0" />
<file name="16_sphaceloma_ampelinum01.jpg" server="bkpbanjarmasin1.me//public_html/" local="131436736143531536" remote="131072004000000000" Dst="0" />
<file name="16_sphaceloma_ampelinum02.jpg" server="bkpbanjarmasin1.me//public_html/" local="131436736144512187" remote="131072004000000000" Dst="0" />
<file name="17_stagonospora_sacchari.jpg" server="bkpbanjarmasin1.me//public_html/" local="131436736146633624" remote="131072004000000000" Dst="0" />
<file name="18_stemphylium_vesicarium01.jpg" server="bkpbanjarmasin1.me//public_html/" local="131436736149435506" remote="131072004000000000" Dst="0" />
<file name="18_stemphylium_vesicarium02.jpg" server="bkpbanjarmasin1.me//public_html/" local="131436736152267390" remote="131072004000000000" Dst="0" />
<file name="19_helminthosporium_solani01.jpg" server="bkpbanjarmasin1.me//public_html/" local="131436736154418845" remote="131072004000000000" Dst="0" />
<file name="19_helminthosporium_solani02.jpg" server="bkpbanjarmasin1.me//public_html/" local="131436736159392146" remote="131072004000000000" Dst="0" />
<file name="20_peronosclerospora_philippinensis.jpg" server="bkpbanjarmasin1.me//public_html/" local="131436736159712364" remote="131072004000000000" Dst="0" />
<file name="21_peronosclerospora_sorghi.jpg" server="bkpbanjarmasin1.me//public_html/" local="131436736166316782" remote="131072004000000000" Dst="0" />
<file name="22_peronospora_manshurica01.jpg" server="bkpbanjarmasin1.me//public_html/" local="131436736176183433" remote="131072004000000000" Dst="0" />
<file name="22_peronospora_manshurica02.jpg" server="bkpbanjarmasin1.me//public_html/" local="131436736176813783" remote="131072004000000000" Dst="0" />
<file name="23_phytophthora_citrophthora02.jpg" server="bkpbanjarmasin1.me//public_html/" local="131436736182557621" remote="131072004000000000" Dst="0" />
<file name="23_phytophthora_citrophthora01.jpg" server="bkpbanjarmasin1.me//public_html/" local="131436736183178065" remote="131072004000000000" Dst="0" />
<file name="25_spongospora_subterranea_fsp_subterranea01.jpg" server="bkpbanjarmasin1.me//public_html/" local="131436736187751083" remote="131072004000000000" Dst="0" />
<file name="24_phytophthora_fragariae.jpg" server="bkpbanjarmasin1.me//public_html/" local="131436736187881163" remote="131072004000000000" Dst="0" />
<file name="25_spongospora_subterranea_fsp_subterranea02.jpg" server="bkpbanjarmasin1.me//public_html/" local="131436736189432202" remote="131072004000000000" Dst="0" />
<file name="26_physopella_ampelopsidis01.jpg" server="bkpbanjarmasin1.me//public_html/" local="131436736191043271" remote="131072004000000000" Dst="0" />
<file name="27_uromycladium_tepperianum01.jpg" server="bkpbanjarmasin1.me//public_html/" local="131436736191893846" remote="131072004000000000" Dst="0" />
<file name="26_physopella_ampelopsidis02.jpg" server="bkpbanjarmasin1.me//public_html/" local="131436736192114018" remote="131072004000000000" Dst="0" />
<file name="27_uromycladium_tepperianum02.jpg" server="bkpbanjarmasin1.me//public_html/" local="131436736195286120" remote="131072004000000000" Dst="0" />
</dwsync>